a.j.chmaj@ma.hw.ac.uk
a2_coles@compuserve.com
aberdeen@boltonbrady.co.uk
abih@abih.org
academie@ichthus-hs.nl
accounts@iaig.com
accounts@mjb.net.au
acg-nystrom@kaunas.omnitel.net
acg@acg.se
acgn@online.ee
acolfa@colomsat.net.co
acurcio@aol.com
acygan@universalindustrial.com
adummy@aidt.edu
advt@magnetsource.com
aesposito@tristatecia.com
ag@hawaii.gov
agaboudian@ieeinc.com
aimcal@aimcal.org
ajit@iems.nwu.edu
akaipolyan@cho-yaba.com
akaram@acci.gr
al-harthym@mge-cgy.com
alm63@math.yale.edu
alpharig@vasia.com
alpine@alpineleasing.com
amerimid@aol.com
amermid@aol.com
amync@tx.technion.ac.il
andover@boltonbrady.co.uk
andrea.burns@gb.abb.com
andreas.stoll@icn.siemens.de
andy.pye@itmagazine.uk.com
anglia@boltonbrady.co.uk
answers@icunet.net
antoine@packexpo.com
antoniofpraca@mail.telepac.pt
aodhanahdoa@yahoo.com
apache@apache.org
aplan@waldonet.net.mt
apt@indauto.com.au
arch-area@econwpa.wustl.edu
arjen@tips.org.za
arossa@atenas.gdl.iteso.mx
arpsa@arp.com.pl
art@kenex.com
articles@core77.com
attalaed@kopower.com
attrills@boltonbrady.co.uk
autoid@register5.com
autokast@satyam.net.in
avalos@math.ttu.edu
aversionline@holyterror.com
awards@ifai.com
axel.zangerle@planet.tn
ay.nu@ay.nu
bach@wpi.edu
bad@twst.com
ballk@mscd.edu
banbury@boltonbrady.co.uk
bao@math.ufl.edu
barr.mj@pg.com
barts1000@aol.com
baxendal@mtha.usc.edu
bbberg@worldnet.att.net
bcard@naic.org
bcd@cambrabcn.es
bdortch@netw.com
bedlamcreations@hotmail.com
belsley@cs.miami.edu
bern@math.berkeley.edu
bestpelcoprices@icunet.net
betelu@ima.umn.edu
bfazio@mankato.com
bg.cos@net.sy
bhan@ualberta.ca
bill.debes@hansonamerica.com
bin95@bin95.com
bixente69@hotmail.com
blackbrn@boltonbrady.co.uk
blaylock@wired.com
bli@math.utah.edu
blower@cgocable.net
blunt@ise.ufl.edu
bmaywood@gpu.srv.ualberta.ca
bmoyer@websolvers.com
bnarayan@math.uiuc.edu
bo.bernhardsson@control.lth.se
bonding@mmm.com
bookstore@ifai.com
boothmaster@plantfloor.com
bparks@wuecona.wustl.edu
brandon@asd6.math.cmu.edu
brandt@redrose.net
brasilportugal@sfiec.org.br
brian.nguyen@medtronic.com
brian@detroitindustrial.org
brill@stat.berkeley.edu
bristol@boltonbrady.co.uk
brmingham@boltonbrady.co.uk
brown@ie.msstate.edu
bruce.leonard@dynegy.com
bruce.p.ayati@aero.org
bruce@ima.umn.edu
bsandland@thirdeyecom.com
bshader@uwyo.edu
bsheehan@irn.ie
busdevelop@tycoelectronics.com
bzhang@math.uc.edu
cair.sam@att.net
cake@brothercake.net
cambrdge@boltonbrady.co.uk
cao@mtu.edu
cardiac@cardiac.no
cardiff@boltonbrady.co.uk
carl_j._axelson@oxy.com
carmenes@ort.ort.edu.uy
caroline_harrell@timeinc.com
casting@cheongbo.co.kr
cbr@vanion.com
cbrockman@terpco.com
cedei@adinet.com.uy
ceic@unsw.edu.au
ceo@publicfreight.net
ceramics@ceramics.com
certification@ifai.com
cew@math.bu.edu
ch@math.kaist.ac.kr
chall@edm1.com
changcc@spring.iam.ntu.edu.tw
chawl003@tc.umn.edu
chawla@arc.umn.edu
chenc@math.math.ncue.edu.tw
cheng@cs.uwm.edu
cheongbo@cheongbo.co.kr
chin@math.colostate.edu
chipot@amath.unizh.ch
chitchat@core77.com
chonmeng@tp.ac.sg
christina@industrialcredit.com
chrysler.jeep@eua.pt
cic@uml.edu
cin@sfiec.org.br
cingram@aidt.edu
citylon@boltonbrady.co.uk
cj@stat.columbia.edu
cjboggs@cjdistributing.com
cjdz.jy@public1.wx.js.cn
cl103@cornell.edu
clientservices@ccohs.ca
cliff@terpco.com
cmd@elcot.com
cmg.pfaff@mail.telepac.pt
cmlr@math.rochester.edu
cnb@scides.canberra.edu.au
cnfrench@zawn.freeserve.co.uk
coatings@us.rhodia.com
cockburn@eng.fsu.edu
cockburn@math.umn.edu
coehr@aloha.net
coida@coida.com
coida@eznet.net
colay@263.net
comercial@atl-gestion.com
comments@arrowleads.com
comments@ifs-inc.com
conference@aaic.org
contact@mobw.net
coomes@math.miami.edu
corejr@core77.com
costuras@prodigy.net.mx
coult@augsburg.edu
coventry@boltonbrady.co.uk
cowboy@culturedcowboy.com
cowen@brutus.mts.jhu.edu
cpn@entelchile.net
creyn@reynoldscontractors.com
cribari@ysidro.econ.uiuc.edu
crionic@pacbell.net
cristina@thequempery.com
crosby@ise.ufl.edu
cschron@hotmail.com
csr@grizzly.com
cst@cheongbo.co.kr
cstrauss@galco.com
curt.warfel@ekachemicals.com
customer_service@iki.com
customerservice@ita-relay.com
customerservice@thecounter.com
customerservice@twst.com
custserv@gowcb.com
custserv@nfpa.org
custsvc@labsafety.com
cwblvb@aol.com
cwelch@dataindustrial.com
cynthia_zock@timeinc.com
d.banks@earth.leeds.ac.uk
d.siepman@zeelandnet.nl
d.vaessen@nyquist.com
dabreu@princeton.edu
daescu@ima.umn.edu
dafei@cci.fei.br
damco@hn.vnn.vn
dan_ruiter@cargill.com
dana.west@metrokc.gov
daskin@iems.nwu.edu
dave.gilbert@nni.com
david.pearce@yale.edu
david.waters@unn.ac.uk
dbenson@perseus.com
dcjones@iberiaparishidf.org
dco@dgp.mir.es
dco@policia.es
deanna.jones@saralee.com
deanne.koelmeyer@rmit.edu.au
deb62g@msn.com
deepak@apctt.org
deftlyd@tiac.com
delitos.tecnoligos@policia.es
design@iconnet.co.uk
design@industrialgroup.com
deslink@vtc.edu.hk
dgillman@iterated.com
dgulley@venturafoods.com
dguyer@dycon.com
dherbert@dir.state.al.us
dhousman@alleg.edu
dhuntley@mmm.com
dieter.muh@virgin.net
dimo@rz.bia-bg.com
director@dir.ca.gov
director@ima.umn.edu
director@niiip.org
director@portaley.com
divagricola@auto-industrial.pt
dix@math.sc.edu
djkirill2000@yahoo.com
dk@designskolenkolding.dk
dkern@mail.smu.edu
dlotz@panynj.gov
dmagagno@mcs.drexel.edu
dmajor@odu.edu
dmeng@coes.latech.edu
don.dugan@appl.ge.com
don@associated-online.com
donald@tips.org.za
dongoertzen@hotmail.com
doorscot@boltonbrady.co.uk
doorseng@boltonbrady.co.uk
doug.hilderbrand@metrokc.gov
doyle@math.ucsd.edu
drjc@maths.soton.ac.uk
drpaul1999@yahoo.com
dtwyman@newmarkre.com
dubleflt@aol.com
dudi@axrma.uniroma1.it
dwayneb@hotmail.com
dwcforums@dir.ca.gov
dwelch@iccnet.com
dyeley@kidglove.com
easyjav@easyjavascipt.com
ebartosh@bartosh.com
eclark@aidt.edu
edinburgh@boltonbrady.co.uk
editor@fsb.com
editor@idii.com
editor@olivsan-sa.com.ar
edley@eco.uc3m.es
edtidco@giasmd01.vsnl.net.in
edumeyer@fei.edu.br
eeosiewa@cyf-kr.edu.pl
eeqiu@ee.ust.hk
efen@efen.de
efendiev@ima.umn.edu
efroimsk@ima.umn.edu
ehellweg@business2.com
ehulbert@cipcorp.com
elcot@giasmd01.vsnl.net.in
elisava@seker.es
ellgary@worldnet.att.net
elliot@cims.nyu.edu
eluo@redwood.math.ucla.edu
email@herrindustrial.com
emily_chester@timeinc.com
emily_dimaggio@timeinc.com
employer@ierecruiters.com
engineering.technology@usm.edu
engrman@ise.ufl.edu
ennio@econ.lsa.umich.edu
enquiries@bawdens.com.au
enquiry@iarecordings.org
ensav.lacambre@sup.cfwb.be
epsupport@siam.org
eric@suncheong.com.hk
esedoglu@math.ucla.edu
eshapiro@ieeinc.com
etcheniq@ise.ufl.edu
etpiv-pleven@intercom.bg
europe@redlion-controls.com
ewp-game@wuecon.wustl.edu
exeter@boltonbrady.co.uk
eydeco@eyde.com
factory@kent.net
fan@sinwan.com
farmboyac@aol.com
farra007@hotmail.com
faye_reby@timeinc.com
feedback@iapa.on.ca
feedback@ima.umn.edu
feedback@simt.co.uk
fhowe@iaiabc.org
finance@alpharigging.com.ph
fire1@us.ibm.com
firmapost@amatec.no
fjb@erols.com
florin.david@capitalone.com
footrxstore@footrxstore.com
forms@webzone.net
frank@math.ufl.edu
fraud@dir.state.al.us
fred.bentler@metrokc.gov
frederic@stat.ucla.edu
frtlss@umich.edu
gary.palmer@conagrafoods.com
gary@industromart.com
gdyhong@pub.jiangmen.gd.cn
general@tuad.ac.jp
generatorjoe8@aol.com
george@kentusa.com
gepeck@pharmacy.purdue.edu
geral.lisboa@cam-ford.com
geral.porto@cam-ford.com
ggati@nerc.com
ggoldste@emerald.tufts.edu
ghil@atmos.ucla.edu
gillespiea@amstd.com
gillow@maths.ox.ac.uk
gkime@hempline.com
gkoop@epas.utoronto.ca
gkrohm@iaiabc.org
glafrika@global.co.za
glasgow@boltonbrady.co.uk
glock@pyet.co.uk
gm@carterpark.com
gmartinez@cinl.com
gmurphy@ameritech.net
gobbert@math.umbc.edu
goedl@pfaff.at
gofast@cable.net.co
goldstei@pearl.tufts.edu
gradprog@pharmacy.purdue.edu
greatideas@plantfloor.com
greg@core77.com
grizzk@aol.com
grupomainco@andinanet.net
guidance@md3.vsnl.net.in
gwest@jacksoncross.com
gzamudio@ieeinc.com
habsiege@math.u-bordeaux.fr
halsall@bway.net
halsall@fordham.edu
halsall@murray.fordham.edu
hanklavery@yahoo.com
hawa@ima.umn.edu
hayesv@vmcmail.com
hcids@rs.dlir.state.hi.us
heller@physics.harvard.edu
help@icunet.net
help@industromart.com
helpdesk@ufl.edu
hem@pharmacy.purdue.edu
hempfield2000@aol.com
hempoilcan@escape.ca
hghtwrb@aol.com
hharv@ufl.edu
hoge@inet.net
homepage@inmetro.gov.br
horn@math.vanderbilt.edu
hosting@iaig.com
hosting@lcsol.com
hotdeals@icunet.net
hotline@benison.com.hk
howard_schwartz@condenast.com
hs0w@andrew.cmu.edu
hughesa@rcdh.com
hull@boltonbrady.co.uk
ian.mcd.pirie@rgu.ac.uk
icminc@indchimney.com
icof@icof.co.uk
icpb@po.jaring.my
iddusit@hotmail.com
idscorp@inddata.com
ie@engr.wisc.edu
iea@iea.lth.se
iecr@che.utexas.edu
igproduction@industrialgroup.com
iiac@dial.pipex.com
iicoperations@mail.state.il.us
ils@dial.pipex.com
ima-staff@ima.umn.edu
image@ind-image.com
imagemakers@xtra.co.nz
imendes@planalto.gov.br
immigration@msn.com
imstough@aol.com
imt@visti.com
imtinc@iximd.com
ina.bearing@uk.ina.com
ind@barranquesa.com
index@internet.com
indgold@cableone.net
indlpr@normas.com
indsec@tn.nic.gov.in
indtech@kirkwood.cc.ia.us
industrial@alro.com
industrial@baproducts.com
industrial@uk.fluke.nl
industrialhemp@mac.com
inet@microsoft.com
inmar@jet.es
inmetpro@aol.com
inquiry@greaternoida.org
interact@port.ac.uk
intermatex@iconnet.co.ke
internet@posmasters.com
interview@aynrand.org
introitus@cable.net.co
ip@normas.com
ipaadel@indpyro.com.au
ipabris@indpyro.com.au
ipamelb@indpyro.com.au
ipasyd@indpyro.com.au
ips@ipspumps.com
ir@ait-applied.com
ir@apz-applied.com
irbureau@irn.ie
irc@csom.umn.edu
ireland@boltonbrady.co.uk
irn@iol.ie
irn@irn.ie
ironmade@ironmade.com
irra@uiuc.edu
isa@rz.bia-bg.com
it.ukreg@itmagazine.uk.com
itm@techheadnet.com
itprivacy@pyet.co.uk
itv@euskalnet.net
ivanyi@wem.date.hu
ivt@rentgear.com
iw@parsons.iww.org
iwata@sys.es.osaka-u.ac.jp
izchak@ee.bgu.ac.il
j.van.den.berg@cwi.nl
jaborwaky@inslide.com
jack_vincent@timeinc.com
jacqueline_murphy@timeinc.com
jalbert@ou.edu
jalgatt@marcusmillichap.com
jamartin@etsii.upm.es
jan.anderson@itmagazine.uk.com
jan.gauguin@aho.no
jane_weddington@timeinc.com
janne.myran@indman.sintef.no
japrezzato@fedex.com
jared@math.stanford.edu
jarrod@visumatic.com
jayg@math.ufl.edu
jbennett@ieeinc.com
jberg@ttu.edu
jbragan@acipco.com
jcif@liljasper.com
jcolby@irn.ie
jcolby@irn.iol.ie
jdc@excelltdinc.com
jdenton@ita-relay.com
jean@centerpointcoaching.com
jed_hartman@timeinc.com
jedunn@netzone.com
jeff28@rocketmail.com
jeffk@flexicorps.com
jenkins@ise.ufl.edu
jerry.james@lyondell.com
jerry.lamm@anheuser-busch.com
jgillman@icunet.net
jgrippe@jgrippe.com
jguinn@isa-inc.com
jherzog@haybay.net
jiang@ima.umn.edu
jim@cleanairteam.com
jim@ics.org
jim@kentusa.com
jkirkwood@sbc.edu
jlehman@transecon.net
jlortz@penton.com
jluke@math.iupui.edu
jmbar@excelltdinc.com
joanna@twst.com
joecdsri@aol.com
joene.owen@isye.gatech.edu
john.ficker@weyerhaeuser.com
john.gentle@owenscorning.com
john.kuhlig@quebecorworld.com
john.peterman@invensys.com
john.vandevate@isye.gatech.edu
john@mymail.com
john_wattles@timeinc.com
johnamo1@aol.com
johns@thermoclad.com
johnwiese@earthlink.net
joim@bigfoot.com
jointida@wytheville.org
jon.severn@cwcom.net
jonny@indpyro.com.au
journal@ifrf.net
jrfei@fei.edu.br
jrs@matu.lsa.umich.edu
jt@dynafloor.com
jtautic@andibelieve.com
juarezreche@clavei.es
jvanderkay@virtualmgmt.com
jyost@purdue.edu
jyoungs@hasbro.com
jzavalza@avibank.com
jzhong@eos.ncsu.edu
kabbo@iaiabc.org
kanderso@ima.umn.edu
karengrover@herrindustrial.com
karl773@earthlink.net
kasdorf@engr.wisc.edu
kayerind@hk.super.net
kayerind@kayer.com
kcrawford@eagleih.com
kenneth@math.chalmers.se
khoffman@math.umbc.edu
khoon-fong_ang@timeinc.com
kildsig@purdue.edu
kim@math1.hanyang.ac.kr
kirkland@math.uregina.ca
kirli@ise.ufl.edu
kjaphet@frontierindustrial.net
kkenn@howard-ind.com
klu@math.byu.edu
kmandarino@galco.com
knightind@earthlink.net
koby@leeor.technion.ac.il
kontakt@sachsenring-ag.de
koshigoe@j90.tg.chiba-u.ac.jp
kpark@purdue.edu
kremington@nist.gov
krsl@kaashyapradiant.com
krupa@umbriel.tuwien.ac.at
ksundermeyer@macromedia.com
kubota@ise.chuo-u.ac.jp
kurt.lust@cs.kuleuven.ac.be
kurt@maths.warwick.ac.uk
kutz@amath.washington.edu
kwalsh@lincolnindustrial.com
kwarner@frontierindustrial.net
la@tx.technion.ac.il
lamken@cco.caltech.edu
lawphong@ise.ufl.edu
lazarian@dante.astro.wisc.edu
lbutler@haverford.edu
lcheng@math.ucsd.edu
lchihara@statsci.com
leeds@boltonbrady.co.uk
legi@ist.utl.pt
lehman@mac.com
lehoczki.zoltan@kenderfono.hu
lei_x_wang@notes.seagate.com
lenhart@math.utk.edu
letters@fortune.com
levi@math.psu.edu
lewis@slinky.ucsc.edu
ley@rff.org
lfr@rs.dlir.state.hi.us
lhakel@siop.org
library@itc.mb.ca
lideala@eatel.net
limc@rpi.edu
lindams@cste.usyd.edu.au
liverpl@boltonbrady.co.uk
llave@math.utexas.edu
lmagal@math.ist.utl.pt
lmr@rs.dlir.state.hi.us
lnader@siop.org
logistical@telus.net
longli_cn@sina.com
looman.stingo@holcim.com
lopez@ima.umn.edu
lototsky@math.mit.edu
lucier@math.purdue.edu
lyris@ls.core77.com
m-26041@mailbox.swipnet.se
m-silber@nwu.edu
maajedibrosco@yahoo.com
mac@t7.lanl.gov
maddocks@dma.epfl.ch
maejohns@maejohns.com
magali_bois@timeinc.com
magreen@pharmacy.purdue.edu
maidston@boltonbrady.co.uk
mail@aynrand.org
mail@ieeinc.com
mail@menschenfeind.com
mainland@spf-roofs.com
management@alpharigging.com.ph
manchtr@boltonbrady.co.uk
march@math.ohio-state.edu
marcharl@mscd.edu
margayg@cres2000.com
marian.lesinski@arp.com.pl
marita.holtta@occuphealth.fi
mark.simms@itmagazine.uk.com
mark.west@itmagazine.uk.com
mark@dreamlandskateparks.com
marketing@alpharigging.com.ph
marketing@autousados.pt
marketing@galco.com
marketing@herrindustrial.com
marketing@siam.org
marlow@ise.ufl.edu
martinhi@math.albany.edu
martinrojas@vnet.es
martranz@aol.com
marvimex@mkinter.net
maryanna_kersten@hp.com
mastroieni@aol.com
mathias@math.wm.edu
mauro@strione.com.ar
mayam@duke.poly.edu
mazzucat@ima.umn.edu
mcc@math.umn.edu
mclaughlin@twst.com
mclxyh@ms.uky.edu
mdonoghue@enap.com
media@aynrand.org
meetings@siam.org
melbialy@math.utoledo.edu
melunskysewing@mweb.co.za
members@iaiabc.org
membership@ifai.com
menu3@milonic.com
mepz@tn.nic.in
merton@boltonbrady.co.uk
metalmatrix@mmm.com
mfg.pfaff.flg@mail.telepac.pt
mfridman@sba.usc
mfw@ticam.utexas.edu
mhudak@freemail.hu
miao@ima.umn.edu
michael.donahue@nist.gov
middsbro@boltonbrady.co.uk
mike@industrialgrain.com
mike@ise.ufl.edu
mike@technical-services.com.au
miklavci@pilot.msu.edu
miou@ima.umn.edu
mips@umail.umd.edu
mjav@chevrontexaco.com
mjferrao@gape.ist.utl.pt
mkouritz@math.ualberta.ca
mmaleski@jcpenney.com
mmorgan@apz-applied.com
mnavas@ventanaindustrial.com
monika_wolf@timeinc.com
mono_corosiv@yahoo.com
moron@industrial.org
morriskr@purdue.edu
mou@bradley.bradley.edu
mrubio@wt.net
mshaw@iapa.on.ca
mshiflet@hotmail.com
msjolly@indiana.edu
mstpfaffct@mweb.co.za
mtendler@purina.com
mth-wso@shsu.edu
mvel@vsnl.com
mxa15@cac.psu.edu
myong@nongae.gsnu.ac.kr
mysteryamex@yahoo.com.mx
mystichemp@hotmail.com
nagy@mathcs.emory.edu
naida@naida.com
nancy_roth@timeinc.com
national@boltonbrady.co.uk
nautilus_comets@hotmail.com
navirep@colomsat.net.co
nbartlett@dataindustrial.com
netmais@netmais.pt
newcstle@boltonbrady.co.uk
newhire@dir.state.al.us
news@core77.com
news@davico.co.uk
news@tips.org.za
newsdesk@expressandstar.co.uk
nfiroozy@lehman.com
nid@adinet.ernet.in
niki@mis.ous.ac.jp
nis-co@nis-co.com
nisco@globalserve.net
nisco@primus.ca
niscont@globalserve.net
niscopic@globalserve.net
niscowat@globalserve.net
nitsche@math.unm.edu
nmacmillen@dataindustrial.com
no-reply@econwpa.wustl.edu
no_promote@timeinc.net
noemails@labsafety.com
nopromote@fortune.com
normlawr@quietstones.com
noticias@portaley.com
notransfer@fortune.com
novikov@ima.umn.edu
nttingham@boltonbrady.co.uk
ocpi@ocpi.cu
ocs@aloha.com
office@eujapan.com
office@iapbv.nl
office@pfaff-industrial.us
office@smc.cz
ojc@ojc.co.kr
okpfaff@okpfaff.sk
omalisa.draper@isye.gatech.edu
omi@rs.dlir.state.hi.us
omnitechpfaff@fx.ro
online@iwa.ca
online@twst.com
orie@cornell.edu
orie@orie.cornell.edu
orla@irn.ie
osip0005@tc.umn.edu
oysterknife@xtra.co.nz
p-aviles@uiuc.edu
p.bronski@strima.com
pacheco@richmond.ky.us
painpn@parque-ind-pn.com
paoon@kurims.kyoto-u.ac.jp
pastel@pastelpaints.com
patch@crd.ge.com
patti.parker@isye.gatech.edu
paul@math.bu.edu
paul_garvey@cushwake.com
paulochambel@yahoo.com
pbelcas1@purdue.edu
pbogan@ieeinc.com
pcltadeu@alfa.ist.utl.pt
pdavey@jasedlak.com
pelikan@math.uc.edu
pentek@usa.com
per.hellstrom@mh.se
petdav@iesg.com
pete@extro.su.oz.au
pete@tolver.fsnet.co.uk
peter_granath@timeinc.com
peterson57@llnl.gov
pfaff.benel@skynet.be
pfaff@mail.enternet.hu
pfaff@pfaff-servis.cz
pfaff@wama.dk
pfaffdub@emirates.net.ae
pfaffind@telefonica.net
phalsall@unf.edu
pham.loc@thanglong-ip.com
phil.marlino@conoco.com
philfry@nuralite.co.nz
philobal@idii.com
photos@steele-eye.com
picmg@virtualmgmt.com
pinson@ias.edu
pipe@allegheny-ind.com
piv-pleven@intercom.bg
pivsam@pivsam.es
pj_boatwright@timeinc.com
planning@cheongbo.co.kr
pliebert@collierslanard.com
plymouth@boltonbrady.co.uk
pmgotham@aol.com
pmi@wanadoo.net.ma
pnahar@earthling.net
pnelson@math.duke.edu
portsmth@boltonbrady.co.uk
posta@bianchimare.com
ppaulsen@levi.com
prakash@tn.nic.in
prankin@igc.org
president@cheongbo.co.kr
prez@labsafety.com
prima@access.com.eg
product@cheongbo.co.kr
profibus@btinternet.com
protech@moraldefense.com
psmereka@math.lsa.umich.edu
psp@bazafirm.pl
psun@ford.com
ptwira@centrin.net.id
publishing@indecon.com
pugliese@csilmilano.com
pumaair@att.net.tw
pwn@math.lsa.umich.edu
pyeline@compuserve.com
qingnie@cs.uchicago.edu
r.mortimer@earth.leeds.ac.uk
rachel@industrialbeauty.com
raco@interaccess.com
ralf@math.lsa.umich.edu
ralphs@ralphselectronics.com
ram@briterealty.com
ramona@ssindustrial.net
randy_holloway@timeinc.com
ranger@whiterhino.com.au
rarratia@math.usc.edu
rashad@tips.org.za
rayg@pharmacy.purdue.edu
rcdillon@hq.gylrd.com
rebeccating@mertzcorp.com
recruit@twst.com
regina_gill@timeinc.com
register@ima.umn.edu
ren@math.usu.edu
rent-a-car@auto-industrial.pt
reprints@fortune.com
rerikson@fpcusa.com
respond@solar-pros.com
resume@iaig.com
richards@westway.com
ridc@richmond.ky.us
ringspinner@iarecordings.org
rjdeneck@facstaff.wisc.edu
rknapp@wolfram.com
rm727@webcom.com
rnh@math.umd.edu
roadecho@hotmail.com
rob.brewer@itmagazine.uk.com
rob.hancocks@itmagazine.uk.com
robert.granatelli@basell.com
robert.white@emrsn.com
rosericedm@talk21.com
rpurdy@dataindustrial.com
rrob@econ.sas.upenn.edu
rspies@intec.unl.edu.ar
rspies@pemas.unl.edu.ar
rtautic@furnaceservice.com
rudie@eleceng.ee.queensu.ca
russellg@pulsar.cs.wku.edu
ruth@ruthsfoods.ca
rvbalan@math.princeton.edu
rwalters@cbrichardellis.com
s.e.green@lboro.ac.uk
s.packer@findernet.com
sa2@msstate.edu
sa@atlas.cz
safety@alpharigging.com.ph
sam@idoart.com
samboo@samcro.com
sandyorr@signodetraffic.com
sarah.curl@itmagazine.uk.com
sasha@i-a-v.com
sategs@mweb.co.za
satrn@tips.org.za
sawidman@gatx.com
saxtoninc@hotmail.com
sbyrn@pharmacy.purdue.edu
schleini@euler.math.udel.edu
scott.dumas@uc.edu
secom@inmetro.gov.br
secretary@aaic.org
secretary@mip.sdu.dk
secyit@tn.nic.in
sepplai@ml.kva.se
service@da-hu.com
service@dataindustrial.com
service@frontierindustrial.net
service@herrindustrial.com
service@normas.com
service@siam.org
sfa@pfaff.is
sflee@sflee.co.kr
sfoster@aidt.edu
shallen@aeil.com
shansen@iastate.edu
shardlow@ima.umn.edu
sharpe@ita-relay.com
sharron@industrialcredit.com
shawks@hawkslogistics.com
sheffld@boltonbrady.co.uk
shimkin@ee.technion.ac.il
shinya@mito.ipc.ibaraki.ac.jp
showbill@aol.com
shu@cfm.brown.edu
shvatz@wired.com
shyu@math.ucla.edu
sifl@md3.vsnl.net.in
silk@md3.vsnl.net.in
simsweb@cranfield.ac.uk
simt@argonet.co.uk
siteupdate-request@mjb.net.au
slnail@pharmacy.purdue.edu
smillas@uiuc.edu
smitchell@maip.com
someone@yourdomain.com
sorites@olmo.csic.es
sorites@pinar2.csic.es
souganid@math.utexas.edu
spangler@yangyi.com
spic@macau.ctm.net
spiha@mail.state.il.us
spleenx@tin.it
splicer@satyam.net.in
sraheb@ieeinc.com
srw@srwilliams.econ.uiuc.edu
ssarkar@ix.netcom.com
sshaw@pharmacy.purdue.edu
ssiegel@ieeinc.com
sspector@math.siu.edu
staff@ima.umn.edu
stan.szczepkowski@goldkist.com
steel@kub.nl
steinshs@mscd.edu
steve@ssindustrial.net
stevealt@microsoft.com
steven_swank@timeinc.com
struchtr@me.uvic.ca
submissions@internet.com
suchomel@cs.umn.edu
sugerencias@lanota.com
suggestions@icunet.net
sulcostura@mail.telepac.pt
support@a1industrialcovers.com
support@arrowleads.com
support@asahidiamond.co.uk
support@avatarproperties.com
support@kopower.com
support@niba.org
support@zeusinc.com
swa@sinwan.com
sweiss@comcast.net
swt@sinwan.com
symes@caam.rice.edu
synthite@vsnl.com
syomuka@kyushu-id.ac.jp
szmigiel@snoopy.usak.can
t.u.helgaker@kjemi.uio.no
takashi.yanai@thanglong-ip.com
tamasz@math.amu.edu.pl
tammy.artosky@isye.gatech.edu
tanic@baoter.com
tanks@allegheny-ind.com
taroh@taroh.org
tatools@ms18.hinet.net
tavener@math.psu.edu
tcummins@dataindustrial.com
tech@icunet.net
tech@itc.mb.ca
tech@propane-generators.com
technical@mjb.net.au
technitemp@iinet.net.au
techsvc@labsafety.com
tecnotex@netvision.net.il
tekigtkn@sezampro.yu
telford@boltonbrady.co.uk
teresa.silva@cires.pt
terri.prokopek@isye.gatech.edu
terry.bunch@rayonier.com
terry.wilson@coe.ttu.edu
test@dataindustrial.com
texas-almanac@dallasnews.com
texking@pub.zhongshan.gd.cn
tfp@djj.com
tgullett@ieeinc.com
thepi@wholesalepackaging.com
thinkchips@rcn.com
tics--argus@argus-st.com
tim.sally@pqcorp.com
tim@trh.bc.ca
tim_richards@timeinc.com
tjackson@dlir.state.hi.us
tjackson@math.duke.edu
tkmccann@ifai.com
tmitch@siu.edu
tmwalsh318@aol.com
toda@iias.flab.fujitsu.co.jp
tol@fhginc.com
tomo@dryvit.com
tony_iorio@avatarholdings.com
toolmandav@geocities.com
topdoor@boltonbrady.co.uk
torvong2@hotmail.com
tote_stadt@yahoo.com
towajp@poplar.ocn.ne.jp
trabue@aol.com
tracy.whalen@escocorp.com
transcript@twst.com
treichwein@inddata.com
trhoffend@mmm.com
trick@mat.gsia.cmu.edu
tristate@tristatecia.com
tsse@tg.onet.pl
ttamagini@dataindustrial.com
turcotte@geology.cornell.edu
valves-hudson@clear.net.nz
valves-sos@clear.net.nz
varghese@ima.umn.edu
varghese@umn.edu
veg@animal.nu
ventas@olivsan-sa.com.ar
vernon.stday@btinternet.com
verweij@mse.eng.ohio-state.edu
victor@ustat.toronto.edu
vjaksic@matrix.cc.uottawa.ca
vsd79299@pc.highway.ne.jp
wagate@allianceservs.com
walter@ime.unicamp.br
wdd@dlir.state.hi.us
weavers@voyageurweb.com
web@csir.res.in
web@fennerdrives.com
web@spgear.com
webcastsupport@tfprn.com
webdesign_dep@hotmail.com
webeditor@nppd.com
weblinks@iarecordings.org
weblord@ceti.mx
webma@sg.upc.es
webster@ncc.co.uk
webweaver@aidt.edu
weck@ima.umn.edu
weissler@math.univ-paris13.fr
werman@cs.huji.ac.il
whiteco@monti.net
william.morokoff@gs.com
williams@math.ucsd.edu
win@ucla.edu
witts@osm.com
wjohnson@americangypsum.com
wkeogh1046@aol.com
wliu@george.rutgers.edu
workforcc001@hawaii.rr.com
www-ie@www.ie.kanagawa-u.ac.jp
www-tt@occuphealth.fi
www@ie.kanagawa-u.ac.jp
wwweb@gnv.ifas.ufl.edu
xxx@ay.nu
xxx@yyy.com
yang@math.wayne.edu
yjkim@ima.umn.edu
yoko_harada@timeinc.com
your@email.com
yuhan@optcolor.com
yuko.okatsu@sumitomocorp.co.jp
yxu@cecasun.utc.edu
yyang@math.poly.edu
zatezalo@mapef.pefri.hr
zeeman@math.utsa.edu
zega@zega.ch
zhortltd@pub.zhuhai.gd.cn
zirbel@math.bgsu.edu
zor-gabor@ip.pt
