13@135.zf3vazvlpc4
14@42.tadpagkwaq7
3margentina@mmm.com
3mau@mmm.com
5c@hammondmfg.com
a.seuling@unimelb.edu.au
a4w@a4winc.com
aaireg@aaicorp.com
abelrj@uc.edu
abeltec@mindspring.com
abrock@bradshawmfg.com
acapdeville@tx-taca.org
acc@co-op.co.uk
account@eurogroup.gb.com
accounting@sharpe1.com
accounts@eurogroup.gb.com
accpac@accounting-resource.com
accpac@bkdai.com
acctgsol@bellsouth.net
acctspayable@minnich-mfg.com
acmefan@acmefan.com
acmefan@thefanpeople.com
actran@ksc.th.com
addmeto_molds-manufacturingpavilion_mi@plantfloor.com
addmeto_molds-manufacturingpavilion_oh@plantfloor.com
addurl@uspconnectors.com
admissions@bradley.edu
admissions@dit.ie
admit@cc.wwu.edu
advertising@yowmusic.com
aengus@telus.net
ahaas@wyoming.com
ahusseineg@hotmail.com
airanman@bevillcntr.org
airyn@umich.edu
ak.karunakaran@tbg.tvse.co.in
al@almarkfinancial.com
al@msitechnologies.com
alan@accpac.co.za
albaghli@albaghlisponge.com
alberto.yanez@mandos.com.mx
aleta.sherman@colorado.edu
alexm@sitemfg.com
alice@hunt-mfg.com
alicel@hunt-mfg.com
alinemfg@swbell.net
alison.clough@co-op-acc.co.uk
allenh@fnmfg.com
allentg@spot.colorado.edu
alliancewood@alliancewood.com
almezrawi@monu-tech.com
alonghitano@actron.com
altvater@optonline.net
amahoney@bennettmfg.com
ambalgord@balgord.com
amccarthy@blauer.com
amh@amibsc.com
amon@vnl.com
amradisson@geocities.com
amrc@sina.sharif.ac.ir
amsco@sprintmail.com
amt@amtonline.org
amwu2@amwu.asn.au
amwu_nat_metals@yahoo.com.au
anderson@cam-i.org
andrew@manufacturingtalk.com
andyk@leland.stanford.edu
andyl@hunt-mfg.com
angie@hunt-alberta.com
anglersmfg@oregonfast.net
annebrown@alltel.net
aolson@bitnw.com
arabago@naxs.com
arachne@arachneweb.com
archermicro@hotmail.com
archive@anneholmes.com
arholm@ksu.edu
arif@tr.net
armen@nkmfgtech.com
armrub@ees.eesc.com
arose@wir.net
asba@ebenchmarking.com
atabey@mech.ubc.ca
atint1@hcm.vnn.vn
atlantex@roadrunner.nf.net
atlasmanufacturing@shaw.ca
atricomi@disctronics.com
bakadoh@attbi.com
bard@bardhvac.com
bardaie@yahoo.com
bardguy@triton.net
baturin@alliancewood.com
bbankes@globalms.com
bbrtna@theplayergroup.com
bbutts@bmfla.com
bcarroll@odu.edu
bclark@mamtc-wichita.com
bclight@island.net
bdavidson@mamtc-op.com
bdavis@mamtc.com
bdilley@dilleymfg.com
bdonohue@vpmep.org
bdorman@peerlessmfg.com
bemd@alltel.net
bennett@tmn.com
bfenno@attbi.com
bfrench@dumptrucks.com
bhoulihan@vpmep.org
bhunt@me.vccs.edu
bibro@ikimfg.com
billrussell@samc.ac.uk
billw@systemlink.co.uk
binamex@telnor.net
binch@champlain.edu
bisht@albaghli.ws
bizdevelop@mfgquote.com
bjontzen@mindspring.com
bkearn@mamtc.com
bkelly@vmec.org
bkinzer@feedtrucks.com
bleeker@cam-i.org
blester@memphisglove.com
blumberg@mamtc-wichita.com
bob.hill@hendrickmfg.com
bob.latimer@hamiltoncaster.com
bob@olgate.com
bob@sharpe1.com
bob@wi.flsinc.net
bobs@balfab.com
boothmaster@plantfloor.com
boots@bellevilleshoe.com
boresmfg@accnorwalk.com
born_charlean@gsb.stanford.edu
bpulkkinen@windhammillwork.com
brad@jontzen.com
braund@hhbraund.com
braund@wcl.on.ca
brent@hunt-mfg.com
brianl@mainemep.org
brint.robbins@hendrickmfg.com
brownsafe@aol.com
bruce_willson@hitchiner.com
bruceabe@namfg.com
bshipp@feedtrucks.com
bsipe@cahners.com
bsmith.centec@mail.com
bsquier@cam-i.org
btsinc@pldi.net
butner@mamtc-wichita.com
bwager@ameristeel.com
byron@solutionquest.com
bzider@vmec.org
c-tec@c-tecltd.com
c.a.green@bham.ac.uk
captharry@cnx.net
careers@jmpipe.com
careers@nummi.com
carl.marino@hamiltoncaster.com
carlosa@kalyxsystems.com
carlt@tindells.com
carolo@allegroautomation.com
carpak@carpak.com
carrymfg@aol.com
carson@telechem.com
cases@starkor.com
caseyk@escomfg.com
catalog@wabashvalley.com
catalogs@kingintl.com
catherine@c2networks.com
cborn@stanford.edu
ccarter@memphisglove.com
ccdc@nf.sympatico.ca
ccookson@hammfg.com
ccreasey@lillysoftware.co.uk
cdore@implanciel.com
cdparts@mylink.net
ceo@terrecom.com
cfs@enterasys.com
cgeske@qualitydirections.com
cgpickrell@msn.com
cgreen@msitechnologies.com
chamber@pembrokeshire.org
channels-marketing@enterasys.com
chariot@chariot-trailer.com
chariot@chariot-trailer.com--
charlesschroer@namfg.com
chele31@mindspring.com
chris@pro-talk.com
chris@scotglas.com
chris_187@hotmail.com
chris_olson@msn.com
chrissie@higginsinsulation.com.au
christer@winding.se
christinea@compxnet.com
christineanderson@samc.ac.uk
christineo@mainemep.org
chuck@samplecases.com
chuckcam@gte.net
churchco@bellatlantic.net
cindyf@compxnet.com
cirworld@circuitworld.com
cirworld@norwich.net
cjeans@rb.nf.ca
cjohnson@memphisglove.com
ckmfg1@ckmfg.com
ckmfg1@virtcity.com
ckull@mshanken.com
claudia@omniseek.com
claudiar@mepmsi.org
clayforms@nf.aibn.com
cmadsen@disctronics.com
cmccann@pcginc.com
cmceng@megsinet.net
cmcmfg@aol.com
cmcobra@aros.net
cmsmith@tcwave.com
cmtc@nottingham.ac.uk
coastmfg@aol.com
comments@chooseindia.com
comments@curbmarker.com
communication@cassese.com
concept@netcomuk.co.uk
contact@briansmfg.com
contactus@linchpin-msi.com
contech@bom3.vsnl.net.in
coplvr266@cs.com
cornstoves@hotmail.com
corp@bemismfg.com
correctnc@aol.com
costarica@remec.com
coverlay@coverlaymfg.com
coverlay@wcc.net
cpchurch@frontier.net
cpittman@armtec.com
craigc@meridiangrp.com
craigw@advmetservgrp.com
creditdept@leonsmfg.com
critesj@tycoelectronics.com
crmarket@erie.net
cs-www@tradepub.com
cs@gigagolf.com
cs@impulsemfg.com
cseguin@eurobex.com
cshields@mamtc.com
csmith@cahners.com
cstark@wyoming.com
cstuartmckelvie@cs.com
cthurman@earthlink.net
ctsem@msn.com
curkinh@gtcc.cc.nc.us
customerservice@ashdome.com
customerservice@enterasys.com
customerservice@nclnet.com
customerservice@thecounter.com
custserv@justmfg.com
custserv@nkmfgtech.com
custserv@nplastics.com
custserv@rbwmfg.com
cvc_bemd@alltel.net
cwis@unimelb.edu.au
cworth@pacific.net.sg
cynthia.christie@colorado.edu
daisy@hunt-mfg.com
daleread@readwindow.com
dan.kasper@hendrickmfg.com
dana@preferredlogic.com
danef@email.com
dano@kingkong.me.berkeley.edu
daphne.woolf@ca.wmmercer.com
darleen@onecnc.com
darren@advancedcareertools.com
darren@midusa.net
dave@frontiermfgllc.com
dave@misysinc.com
dave@plantfloor.com
davemason@samc.ac.uk
davepetruzzi@wwbattery.com
davew@advmetservgrp.com
david.august@co-op-acc.co.uk
david.i.wright@colorado.edu
david.wolf@wpafb.af.mil
davidg@bpt.com
dbartels@escomfg.com
dbartles@escomfg.com
dbaver@klatzkin.com
dbeath@orbex.com
dbeck@systemlinkinc.com
dbishopkalt@alltel.net
dblanchard@vmec.org
dcieslak@itgusa.com
dconnors@mainechamber.org
dcrowe@drcwebservices.com
dcurran@exploitsvalley.nf.ca
dderodriguez@mmm.com
dea@wgjcpa.com
dean@engr.iupui.edu
deand@mainemep.org
deanne@a4wanswers.com
deb@kingkong.me.berkeley.edu
deepak@nas.nasa.gov
deltastore@faucet.com
demco99@hotmail.com
denis@gvii.net
denise@thinkvermont.com
denton@mamtc-wichita.com
design@azconnector.com
design@lamsam.com
devprog-bd@sgi.com
dewonce@jandkcons.com
dfc@precisionsheetmetal.com
dforbes@go-brownie.com
dgood14@hotmail.com
dgras@execpc.com
dguzy@mem-manufacturing.com
dhunt@huntmachine.com
diamondz@diamondz.com
diana@jerhong.com
dima.golovach@usa.net
distassoc@dejazzd.com
distinktive@usa.net
divisionstreet@earthlink.net
dixieflg@dixieflag.com
djohnson@bevillcntr.org
dklisz@vpmep.org
dlittle@memphisglove.com
dlr@ee.wustl.edu
dluetjen@mamtc.com
dman69@glis.net
dmaue@bennettmfg.com
dmblackbird@webtv.net
dmbr@crucial-systems.com
dmc@dmctools.com
dmcgloth@worldnet.att.net
dmorse@vmec.org
do.kim@arup.com
doc-center@nas.nasa.gov
dominicd@dirad.ca
donedwards@armadarubber.com
donna@abe.midco.net
doreene@compxnet.com
dornfeld@me.berkeley.edu
doug.johnson@hendrickmfg.com
dphelan@acoa.ca
dpms@dpmsinc.com
dpresley@priefert.com
dramsey@feedtrucks.com
drayton@stott.org
dreiner@bennettmfg.com
drenningerkalt@alltel.net
drgun@sharpe1.com
drobinso@pittstate.edu
drrane201@yahoo.com
drrane@vsnl.com
drullo@smcplus.com
dschori@maquinariasuiza.com
dsidles@midusa.net
dsimpson@adsinc.net
dsmith198@aol.com
dsr@w3.org
dssinternational@earthlink.net
dthompson@mathworks.co.uk
dturta@ramrodequip.com
dvd@disctronics.com
dwallace@usbattery.com
dweyh@escomfg.com
e-mailgwfultz1@gte.net
e.rowe@yini.org.uk
eamagazine@barks.com
easyjava@easyjavascipt.com
ecommerce@watlow.com
ecotechnology@cranfield.ac.uk
ed.lamothe@hendrickmfg.com
ed@thewaldengroup.com
edb@fnmfg.com
editor@metalmag.com
editor@netlondon.com
editorial@eaa.org
education@plantfloor.com
eeepostgrad@bham.ac.uk
efrancis@mmm.com
elaine.thorndike@colorado.edu
electroarc@t-online.de
electroarcfrance@wanadoo.fr
electroarcgmbh@t-online.de
elipowskikalt@alltel.net
ellis@icon.net
email@allcops.com
email@securityedge.com
emain@cwmfg.com
emaupin@rohmhaas.com
emc@sws-wis.com
emploment@mes-erp.com
employment@mes-erp.com
eng-web@bham.ac.uk
engineering@balfab.com
engineering@bham.ac.uk
engineering@leonsmfg.com
engineering@minnich-mfg.com
engineering@nclnet.com
engineering@sitemfg.com
enquiries@altberg.co.uk
enquiries@cil-uk.co.uk
enquiries@consortepl.com
enquiries@firstindex.co.uk
enquiries@rojac.com
enquiry@jrd.com.my
enquiry@pathtrace.com
enquiry@uefmanufacturing.com
environment@loreal.com
eric.woodhead@co-op-acc.co.uk
ericj1@bellsouth.net
eriez@eriezeurope.co.uk
ernest@epconsultinggroup.com
eroth@cahners.com
esteaple@bevillcntr.org
eurosup@enterasys.com
ewti@thezone.net
experimenter@eaa.org
explore@msoe.edu
export@usbattery.com
faq@briansmfg.com
fatsoso@cox-internet.com
fcmusa2@aol.com
fearnofish@wave.net
featuredsite@e-classifieds.net
feedback@impulsemfg.com
feedback@wirelessdevnet.com
felix@crucial-systems.com
ferman@windmills.co.nz
fernandaa@compxnet.com
fiberfish@msn.com
finance@murata.co.jp
financial@enterasys.com
findfast@firstindex.co.uk
firetrk@spencermfginc.com
fishing@tyeetackle.com
fjerstad@escomfg.com
foo@mbnet.fi
forbidden@google.com
foresight@foresight.org
fquillaume@minitel.net
fredmcmann@namfg.com
freemfg@telusplanet.com
friend@greatwebsite.com
fseger@globalms.com-
ftranfaglia@tecnomatix.com
fulcher@mitico.com
funandgames@briansmfg.com
gabriels@timemfg.com
gapmfg@advmetservgrp.com
garland@garlandmfg.com
garry@hbmco.com
garth@thecpafirm.com
gary@marcusinc.com
gbender@qualitydirections.com
gbennett@bevillcntr.org
gbruzas@directdial.com
gcano1@mmm.com
gcarter@vmec.org
gclarke@vpmep.org
gda@inil.com
gdegalindo@mmm.com
gdoor@aaahawk.com
gearypacific@gearypacific.com
gemanuf@igeaux.com
gemaster@wilmington.net
gemmaster@ec.rr.com
george.doris@nextlevelis.com
gerstl@nacfam.org
gesc0145@yahoo.com
gfemfg@aol.com
gfemfg@gfemfg.com
gholder@bevillcntr.org
gina@tradepub.com
glen@hometownworks.com
globus@nas.nasa.gov
glovi@lillysoftware.com
gmatejka@actron.com
gmecet@rit.edu
gmi@earthlink.net
gorange@bevillcntr.org
gordon@a4winc.com
gordon@siebring.com
gordonweir@samc.ac.uk
grahamclark@samc.ac.uk
graphics@labelsys.com
greatideas@plantfloor.com
greg.davis@hendrickmfg.com
greg@settermfg.com
gregt@wfcltd.com
grimesrealestate@nfld.net
grk@cinternet.net
grk@pianobench.com
gschmidt@maford.com
gstilwell@mem-manufacturing.com
gt400@juno.com
gtwitchel@wyoming.com
guarantee@plantfloor.com
guest@uspconnectors.com
gwen@graphicevolution.com
gwfultz1@gte.net
gws@gis.net
gxf7855@it.rit.edu
hanh@hunt-mfg.com
hanna@mamtc-wichita.com
harold_bishop@port.ac.uk
hcc@mhcco.com
hcg@bemismfg.com
hdkoch@midstatesd.net
heaters@siebringmfg.com
heidi@waltonmanufacturing.com
help@vikingmagic.com
helpdesk@port.ac.uk
hennesseyrealestate@nfld.net
hhhud@aol.com
hitometer@hitometer.com
hivbf@rediffmail.com
hogzilla@mewlan.com
hokereeves@reevesmfg.pe.ca
home4them@horsesanctuary.com
horwathit@po.jaring.my
hotgrips@cyberportal.net
howtool@mldmaine.com
hr@gintic.gov.sg
hr@hivo.com
hrd@mjmmfg.com
hrdept@nplastics.com
hsondjaja@openaxis.com
html-wg@oclc.org
hunnybrn4@aol.com
huntcon@nf.sympatico.ca
husnu@emotek.com
hzswtyyb@pub.shanwei.gd.cn
iam@demitrius.com
ian.davidson@hendrickmfg.com
ian.frost@co-op-acc.co.uk
ianmeads@hotmail.com
icostea@csun.edu
id@domain.xxx
ideckert@imep.org
ifm-enquiries@eng.cam.ac.uk
ifo@astba.com
ikem@mjmmfg.com
impulse@impulsemfg.com
ims_blr@satyam.net.in
index@internet.com
industrial@uk.fluke.nl
innovation.alaska@mmm.com
innovation.guam@mmm.com
innovation.hawaii@mmm.com
inquire@iam.com
inquiries@kingintl.com
inquiry@alinemfg.com
inquiry@mmtc.org
inquiry@nupakmedical.com
interact@port.ac.uk
invest@mfgquote.com
irenes@erols.com
irina@cmormfg.com
irodriguez@mmm.com
islander@nf.sympatico.ca
iso@mfgsysgroup.com
isupport@teamgtc.com
j.bloggs@unimelb.edu.au
jack.altmeyer@hendrickmfg.com
jacobw@artisanmfg.com
james.sewell@wpafb.af.mil
james_d_oliver@md.northgrumcom
jamiesteele@kpmg.co.nz
jan@plus.ca
janadesign@yahoo.com
jane@misysinc.com
janeta@hunt-mfg.com
jarasp@rit.edu
jas@jassilks.com
jason@peachtreemedia.com
jasonm@accessmfgsys.com
jatco@worldnet.att.net
jbrobert@odu.edu
jcampbell@adsinc.net
jcochran@bevillcntr.org
jcroce@vpmep.org
jcurbo@door.net
jd383@dakamfg.com
jeddah@alamri.com
jeff@tdi.org
jeff@teameliteonline.com
jeffk@qtecad.com
jen@redmaple.com
jenniferr@hunt-mfg.com
jennychua@twm.com.sg
jerry@chariot-trailer.com
jglahn@pittstate.edu
jhbrummett@cs.com
jhudson@vpmep.org
jhw@ksu.edu
jim.byrne@port.ac.uk
jim.lippert@hamiltoncaster.com
jimminnich@minnich-mfg.com
jjennings2@carolina.rr.com
jjtice@naxs.com
jkaltkmc@alltel.net
jkohler@vpmep.org
jlankfor@bevillcntr.org
jlovejo@tc2.com
jlt_bemd@alltel.net
jlyle@feedtrucks.com
jmarkle@marklecpa.com
jmarthey@stahl.cc
jmaster@compxnet.com
jmembreno@mmm.com
jmeyer@mamtc.com
jmoore@onecom.com
jnicholson@zierickhq.com
jo.hunt@co-op-acc.co.uk
joaquin@sharpe1.com
jobs@plantfloor.com
jobs@smcplus.com
jocelyn@hunt-mfg.com
joe.ford@hamiltoncaster.com
joe@1pbs.com
joe@baass.com
joed@mjmmfg.com
joedwyer@dwyermfg.com
joel@accessmfgsys.com
joemoceri@bigplanet.com
joey@moore-cubb.com
john.perfetto@hendrickmfg.com
john.rocco@hendrickmfg.com
john.stiehl@pcc.cccoes.edu
john.yater@hamiltoncaster.com
john@hunt-mfg.com
john@mjmcc.com
john@sharpe1.com
johnd@mainemep.org
johnk@mainemep.org
johnnym@mjmmfg.com
johnsonltd@eircom.net
johntech@jti.org
johnwallace@namfg.com
jordanflorida@aol.com
jothurman@emcw.org
jovil@jovil.net
jowens@fnmfg.com
jp@santel.net
jpedulla@sandor-mfg.com
jpr@fnmfg.com
jquel@halcyon.com
jr@wjponline.com
jramsey@grcc.ctc.edu
jrdgolok@cscoms.com
jrdwheels@catcha.com
jrose@me.vccs.edu
jrp@wjponline.com
jrpeet@techpolymers.com
jsanem@mamtc-op.com
jscott@go-brownie.com
jsheckel@erols.com
jsmith@feedtrucks.com
jsprad1@yahoo.com
jsward@maine.maine.edu
jtate@vpmep.org
judyt@sitemfg.com
jviberg@bc1.com
jwaasp@rit.edu
jweidenfeller@tsg-tampa.com
jwr@hfx.eastlink.ca
jxm@umich.edu
jyoung@compaccsolutions.com
kanngm@kannmfg.com
kannman@kannmfg.com
kapalia@godrej.com
karen@powertow.com
kateb@sympatico.ca
kavraki@cs.rice.edu
kavraki@rice.edu
kbauer@memphisglove.com
kcourage@nf.sympatico.ca
kdankwort@ieee.org
kdavis@escomfg.com
kdoty@triadix.com
keith.fenner@ca.com
keith@goldtech.com
keith@hunt-mfg.com
keith@keyence.co.uk
keking@wyoming.com
kellis@bevillcntr.org
kelly@hunt-mfg.com
kelly@kellysportfishing.com
kelly@smbusassoc.com
kelly@yursgroup.com
kenneth.goben@hendrickmfg.com
kentb@ourtownusa.net
kenway@kenway.com
kevans@iqep.com
kevans@qedmbe.com
kevinx@bellsouth.net
keycon1@mindspring.com
keycon@mindspring.com
khelm3245@aol.com
khfcet@rit.edu
khouseknecht@gibraltar1.com
kimhans@online.sh.cn
kingintl@kingintl.com
klansing@concentric.net
klasota@pittstate.edu
kmartin@vpmep.org
kmi@rmi.net
kmorrison@vpmep.org
knelson@imep.org
knightpro@tenforward.com
kokeslayer@earthlimk.net
kokheng@livware.po.my
kolson@mtsweb.net
koyker@koykermfg.com
kpark-tac@seva.net
kproray@aol.com
kramsey@asrco.com
krebbs@mamtc-wichita.com
kris.stevens@port.ac.uk
krish@internetworks-inc.com
kschramko@semi.org
kstayzer@djb.com
kswaney@birosaw.com
kthompson@chartertn.net
ktucker@imep.org
kuohsiung@aol.com
kwalker@vmec.org
kylons@icxtechnologies.com
kzoochuck@aol.com
labeltec@mindspring.com
ladybug@hdhudson.com
ladybug@hdhudson.com--
landd@citlink.net
landerso@socplas.org
larryaheckman@hotmail.com
lau_chun@bah.com
laurab@psebusiness.com
laurencedoak@samc.ac.uk
laurie@pyramid1.com
lbryan@vmec.org
lbursi@memphisglove.com
lcastell@pittstate.edu
lcurl@systemlinkinc.com
ldr@kingkong.me.berkeley.edu
len.gambill@hendrickmfg.com
leo.demarce@synergyps.com
leons@bardhvac.com
lepolgr@pacbell.net
leriche.harry@nf.sympatico.ca
leslie@top-qi.com
lessex@leonessex.com
lexy@wilkensmfg.com
lfalco@mit.edu
lfreckleton@cahners.com
lfreeman@go-brownie.com
lfreeman@go0brownie.com
lgarner@memphisglove.com
lgates@escomfg.com
lhenderson@vmec.org
lhibbert@globetrotter.net
linda@itaccounting.com.au
linderbitzen@memphisglove.com
lindsay@fullnet.net
ling78@maxis.net.my
lisa@sharpe1.com
lise@compufixinc.com
liz.hammack@medtronic.com
llancaster@vpmep.org
lloyds@mominc.com
lorince@home.com
lrathburn@vpmep.org
lshreve@imep.org
lstewart@uwyo.edu
ltb352@aol.com
luckeret@ndak.net
lweaver@rmsbs.com
lweymouth3@armadarubber.com
m.barker@napier.ac.uk
m.walls@cranfield.ac.uk
mae@asu.edu
maggie@eurobex.com
mail@aeroeng.com
mail@alexandermfg.com
mail@colmaccoil.com
mail@victortradingco.com
mailbox@azconnector.com
mailbox@gsem.freeserve.co.uk
makco@erie.net
manager@bfdc.nf.ca
manny.buigas@nextlevelis.com
manual@plantfloor.com
manufacturing@gsem.freeserve.co.uk
manufacturingjobs@nummi.com
marble@olpass.net
marcia@sharpe1.com
marciam@fnmfg.com
mariam.sadaka@motorola.com
mariap@mjmmfg.com
marie.qazzaz@co-op-acc.co.uk
mariovandyke@aol.com
marjorie@hunt-alberta.com
mark.ferguson@port.ac.uk
mark.furey@roadrunner.nf.net
mark@dquest.com
markc@ksu.edu
markc@qtecad.com
marketing@acmefan.com
marketing@akademos.com
marketing@intuitivemfg.com
marketing@naismith.com.au
marketing@sol-lite.com
marketing@teltru.com
marketing@terrecom.com
mary@netlondon.com
mary@teameliteonline.com
mastanley@cahners.com
mathernan@aol.com
matremblay@deloitte.ca
maur@citcom.net
maximus@nsimail.com
mbagwell@memphisglove.com
mbrown@masimax.com
mburch@burcomconsulting.com
mckcsi@aol.com
mcmains@me.berkeley.edu
mcnam9@ksu.edu
mcory@odu.edu
mdennis@feedtrucks.com
mdoyle@gaasmantech.org
mdye@bevillcntr.org
mel@hunt-mfg.com
membership@amtonline.org
merkle@xerox.com
met-postgrad@bham.ac.uk
mfg-mech-postgrad@bham.ac.uk
mgoodell@bigfoot.com
mgoodwin@feedtrucks.com
mhaworth@binatech.com
mhaynes@mamtc.com
mich_vail@yahoo.com
michel.baudin@mmt-inst.com
microtek@cbn.net.id
midnyght@rocketmail.com
midwest@usbattery.com
miguelr@impacsolutions.com
mike.rebbin@phoenix-ag.com
mike@sharpe1.com
mikem@mjmmfg.com
mikes@mjmmfg.com
milan@vdel.com
miles@appenture.com
milica.white@co-op-acc.co.uk
minnich@minnich-mfg.com
mis@altronmfg.com
mis@harwin.co.uk
mis@harwin.com
mis@harwin.com.sg
misys@p-e-p.com
mjm@hammondmfg.com
mkupchyk@stonefield.com
mlevy@vpmep.org
mloschiavo@vpmep.org
mmarsh@mshanken.com
mmcoy@mamtc-wichita.com
mminter@mamtc-op.com
mmonaco@alpern.com
mniedenthal@mamtc.com
mnovakkalt@alltel.net
moakes@vpmep.org
moenstore@faucet.com
monroe@alpena.cc.mi.us
morgan.printing@thezone.net
morgann@rsc.org
motorsport@cranfield.ac.uk
mott@mott.ca
mreser@tiffinmetal.com
mrezende@enterasys.com
mroth@kcpag.com
mrphelp@mfgsysgroup.com
mrutherf@mesastate.edu
msavoy@bfa.k.12.vt.us
msc-admis-chem-eng@bham.ac.uk
msch@iafrica.com
msonlinenews@cahners.com
msosebee@bevillcntr.org
mstein@escomfg.com
mtarr@compuserve.com
mtiac@iitri.org
mtlmfg@santel.net
mtools@gkholdings.com
mtscet@rit.edu
mtu4u@mtu.edu
mumbaibr@godrej.com
musicmanufacture@cops.co.uk
mwacht@bennettmfg.com
mwazz@bmfla.com
myers@westbend.net
n_mirkhani@yahoo.com
name@company.com
name@domain.com
nanojbl@attbi.com
nanojbl@halcyon.com
nathan@tandrtrailer.com
navintelfm@hotmail.com
nbreault@vpmep.org
nchan@netpac.com
ndailey@ami.ksu.edu.com
ndespati@netcom.ca
negrib@mail.mcvts.net
neit@neit.edu
nelson.lee@aba-tech.com
nelsonmfg@mcleodusa.net
nelsonmfg@uswest.net
neonmaven@aol.com
netpac@bc1.com
netpac@intergate.bc.ca
netspotz@cox-internet.com
news@manufacturingtalk.com
nfallas@uwyo.edu
nhljch@mail.nbptt.zj.cn
nic@timelapseproductions.com
nicholask@mainemep.org
nick.bennett@port.ac.uk
nikki@hunt-alberta.com
njtma@njtma.com
nmaher@nrmca.org
nooone@nowhere.not
northeast@usbattery.com
nota@kingkong.me.berkeley.edu
nrrowhm@nr.vccs.edu
nrsurrj@nr.vccs.edu
nsims@feedtrucks.com
nzhou@uwaterloo.ca
oasis4x4@oasis-off-road.com
oasis4x4@pacbell.net
oasishr@oasiswatercoolers.com
oclansorb@nf.sympatico.ca
office@foresight.org
offshore@cranfield.ac.uk
okemeyer@systemlinkinc.com
olivierv@fnmfg.com
online@onlinecomputers.com.au
oolala@excite.com
oops@cleasby.com
operations@azconnector.com
orders@eurobex.com
orville@hunt-alberta.com
padrisimo@aol.co
pamh@compxnet.com
pamzo@nf.sympatico.ca
panagos@colorado.edu
pars@parsmfg.com
partners@enterasys.com
partnerships@tradepub.com
paul@etaengineering.com
paul@proacctive.com
paul@teameliteonline.com
paula@prcilab.com
pauljqui@hotmail.com
pavilion_mi@plantfloor.com
pavilion_oh@plantfloor.com
pbel@internet.com
pbel@websentric.com
pbunce@cam-i.org
pcassese@cassese.com
pclay@mamtc.com
pdemers@vmec.org
pdl@godrej.com
pelican@pelicanmanufacturing.com.au
penny.house@hamiltoncaster.com
penobscotl@acadia.net
perignon.sa@wanadoo.fr
perreaoult@hotmail.com
personnel@mason-electric.com
personnel@nclnet.com
peter.white@co-op-acc.co.uk
peter@cam-i.demon.co.uk
peterk@dssinternational.com
peterw@mainemep.org
petes@advmetservgrp.com
pfs@itol.com
pg-admis-chem-eng@bham.ac.uk
pga-civeng@bham.ac.uk
phalter@midusa.net
pharris@memphisglove.com
pherring@pittstate.edu
phil@acutesolutions.com.au
phil@thinkvermont.com
phillc@iname.com
phubbard@mamtc.com
pjpackaging@eurogroup.gb.com
plowry@vmec.org
pmihr@bright.net
polyflex@csi.com
postmaster@rbwmfg.com
pritchettgroup@nf.sympatico.ca
privacy-advocate@tradepub.com
products@flexiduct.com
products@geistmanufacturing.com
products@geistmfg.com
programming@impulsemfg.com
prot00mtg@faseb.org
pserv@aye.net
psnotes@mmm.com
ptheding@mamtc-op.com
purchase@wnq.com
purchasing@minnich-mfg.com
purchasing@rbwmfg.com
pweber@pswsoftware.com
pwilhite@bevillcntr.org
qte@qtecad.com
qtemfs@qtecad.com
quality@balfab.com
quality@mjmmfg.com
quality@nclnet.com
quebec@hammondmfg.com
quick@pe.net
quoting@impulsemfg.com
r.walker@napier.ac.uk
rachel@hunt-mfg.com
rachel@winderosa.com
racks@hammondmfg.com
rainshowr@earthlink.net
rameckes@epix.net
randy@maxcpa.net
randystarr@minnich-mfg.com
raycamp@indexcs.com.au
rayco@raycomfg.com
rbell@adsinc.net
rbenwill@alumni.princeton.edu
rborstmayer@weldco-beales.com
rboyd@mamtc-wichita.com
rcgroup@rcglobal.com
rchan@qdatainc.com
rclark@nmdc.org
rcowing@bennettmfg.com
rcw_bemd@alltel.net
rdemilt@fnmfg.com
rdi@kemmfg.com
rdk@precisionsheetmetal.com
rdouty@wilsonmfgco.com
rdowns@touchpoint.ca
realonepartner@real.com
recruiting@stahl.cc
rectifie@rectifiers.com
rellis@adsinc.net
reno@ecconsulting.com
reny@mjmmfg.com
repetitive@mfgsysgroup.com
resumes@theomsgroup.com
retherfe@amaesd.k12.mi.us
rfrench@thezone.net
rfw_bemd@alltel.net
rg23par@optonline.net
rhavasy@enterasys.com
rheros@crewsinc.com
rhull@synne.com
rich@liquidmastering.co.uk
richard.laub@hendrickmfg.com
richards@mamtc-wichita.com
rkisor@bevillcntr.org
rksurrij@nortelnetworks.com
rla@rla-assist.com
rlevy@customuniforms.com
rlong@advmetservgrp.com
rma-usa@enterasys.com
rmapes@mfgsysgroup.com
rmills@pittstate.edu
rmk@terrecom.com
rnagy@interlynx.net
rndhs@aol.com
robert0809@aol.com
robert@tdmotors.com
robertsmith@peoplepc.com
robin@dtm.ca
robkasten@charter.net
robw@hargrovegaslogs.com
rockland@nb.net
rod@gcmg.com
ronc@mainemep.org
ronleriche@nf.sympatico.ca
ross@hunt-alberta.com
rparker@stowerscat.com
rrrwireedm@hotmail.com
rs@hammondmfg.com
rsc@hammondmfg.com
rschwabik@vpmep.org
rsharpe@amtonline.org
rsmith@cwmfg.com
rswanson@hydrogrip.com
rufusl@lohmueller.com
rustys@fnmfg.com
ruth.lane@zf-group.com
rutt1c@aol.com
rwarren@feedtrucks.com
s.peace@surrey.ac.uk
sabanmusic@sympatico.ca
safety@crewsinc.com
safetybarricades@cs.com
sandy@sharpe1.com
sara@hillshepherd.com
sarahcox@aol.com
save@buildingonline.com
sawassoc@xmission.com
sbaird@a-job.com
sbrokl@uspconnectors.com
sc@hammondmfg.com
scardoza@vbsonline.com
scase@ksu.edu
scott@misysinc.com
scott@wendonholdings.com
scottm@westerman.com
scsu4u@stcloudstate.edu
sdaniels@dealstream.com
sdavis@pittstate.edu
sean.olesen@arup.com
seanpower@nf.sympatico.ca
search@bevillcntr.org
selgreg@mail.ru
senadler@njleg.state.nj.us
senallen@njleg.state.nj.us
senbaer@njleg.state.nj.us
senbark@njleg.state.nj.us
senbennett@njleg.state.nj.us
senbryant@njleg.state.nj.us
senbucco@njleg.state.nj.us
sencafiero@njleg.state.nj.us
sencardinale@njleg.state.nj.us
senciesla@njleg.state.nj.us
sencodey@njleg.state.nj.us
senconnors@njleg.state.nj.us
senenj@mjmmfg.com
senfurnari@njleg.state.nj.us
sengirgenti@njleg.state.nj.us
sengormley@njleg.state.nj.us
seninverso@njleg.state.nj.us
senjames@njleg.state.nj.us
senkavanaugh@njleg.state.nj.us
senkenny@njleg.state.nj.us
senkosco@njleg.state.nj.us
senkryillos@njleg.state.nj.us
senlesniak@njleg.state.nj.us
senlittell@njleg.state.nj.us
senlynch@njleg.state.nj.us
senmartin@njleg.state.nj.us
senmcnamara@njleg.state.nj.us
senoconnor@njleg.state.nj.us
senotoole@njleg.state.nj.us
senpalaia@njleg.state.nj.us
senrice@njleg.state.nj.us
senrobertson@njleg.state.nj.us
sensacco@njleg.state.nj.us
senschluter@njleg.state.nj.us
sensinagra@njleg.state.nj.us
sensinger@njleg.state.nj.us
senturner@njleg.state.nj.us
senvitale@njleg.state.nj.us
senzane@njleg.state.nj.us
sequin@cs.berkeley.edu
serge@slpgestion.com
service-department@birosaw.com
service@eurogroup.gb.com
service@memphisglove.com
service@telechem.com
service@wrightmfg.com
services@mitico.com
servicioalcliente@mmm.com
sestes@mamtc.com
seto@alliancewood.com
sgutowski@ashwoodsolutions.com
shadr@kingkong.me.berkeley.edu
shammond@spiralstair.com
sharon_brown@msn.com
shawnfoster@worldnet.att.net
shawnwhittaker@hotmail.com
sheetsusa@aol.com
sheila@plantfloor.com
shipping@minnich-mfg.com
shoptalk@intuitivemfg.com
shoreh@unispace.com
shortrunbooks@dilleymfg.com
shvatz@wired.com
sims.cpd@cranfield.ac.uk
sims.enquiries@cranfield.ac.uk
sims.quality@cranfield.ac.uk
simsweb@cranfield.ac.uk
sinead.dolan@co-op-acc.co.uk
single@bevillcntr.org
sjohnson@mamtc.com
sl.smith@home.com
slacefield@aol.com
slavin@me.berkeley.edu
slukacs@ntm.com
smaclaren@mmei.com
smagaton@fabmaster.com
smartacc@samart.co.th
smc@shirleyman.freeserve.co.uk
smc@smcgear.net
smiths@ii.ca
smoulatsiotis@nkmfgtech.com
smta@smta.org
snarnurr@yahoo.com
snattsas@vpmep.org
snowgear@crcwnet.com
snowgear@skykomish.net
softron@goa1.dot.net.in
solidphase@msn.com
solutions@thindata.com
soneil@businessplusinc.com
soundphoto@aol.com
southeast@usbattery.com
sozuna@diamondz.com
sporter@feedtrucks.com
sprayforce@sierratel.com
squealy@shelbysys.com
sriddle@pittstate.edu
sscholler@mamtc.com
sshep0000@aol.com
ssuhm@mcdermottcue.com
stacey.bui@velocium.com
stacks@telechem.com
staggsigns@nf.aibn.com
stammmfg@earthlink.net
stan@sdpmfg.com
stank@bkcomputer.com
steelhead98685@yahoo.com
stephenm@mainemep.org
stepper@vip.stanford.edu
steve@alger1.com
steve@front-linesystems.com
steve@tenvolt.com
stevec@balfab.com
stevem@harwood.demon.co.uk
steven.h.levesque@state.me.us
stevenson@valunet.com
stevesakoff@paradimeinc.com
stevet@balfab.com
stevew@mainemep.org
stewartm@tx-taca.org
stockw3381@aol.com
stpal@erols.com
student.advice@port.ac.uk
submissions@internet.com
submit@goldenwebawards.com
sue@absmt.com
sumer.sorensen@colorado.edu
sundmfg@newburg.ndak.net
sunpro@actron.com
superdave@bennettmfg.com
superior@nf.sympatico.ca
support@accessmfgsys.com
support@akademos.com
support@bb-elec.com
support@bb-europe.com
support@codelifter.com
support@enterasys.com
support@firstindex.co.uk
support@hotlog.ru
support@jmpipe.com
support@kingintl.com
support@mes-erp.com
support@mfgquote.com
support@misysinc.com
support@qtecad.com
supportlac@enterasys.com
suzie@space100.freeserve.co.uk
svetter@computersolutions.com
svetter@mmei.com
swinn@memphisglove.com
syellen@bennettmfg.com
synergypluslac@enterasys.com
tabc@bmfla.com
tad@njtma.com
tami@buildingonline.com
tantalek@parknelco.com
targiz@mba-cpa.com
targiz@mba-cpa.com.com
tboom@imep.org
td2002@msn.com
tdepot@aaahawk.com
tdoctor@haynesmfg.com
team@eberg.ca
teamsale@pabell.net
teamyellow@teamyellow.net
tech@rbwmfg.com
tech_support@actron.com
technology@stthomas.edu
techsupport@moneytreemfg.com
techsupport@usbattery.com
teri@aggrowth.com
tgaul@milltronics.net
themc@gomc.com
thillier@stemnet.nf.ca
thomas@hunt-alberta.com
tim.callannan@co-op-acc.co.uk
timl@escomfg.com
timothy@essex1.com
tkloader@hardynet.com
tkloader@tkloader.com
tkloaderne@aol.com
tkloadersw@aol.com
tkwilson@idirect.com
tlaferriere@atp-usa.com
tlh@dreyersoftware.com
tmcgill@humbar.com
tmcgill@humbar.ocm
tmckendree@west.raytheon.com
todds@escomfg.com
tom@daven-group.com
tom@furbushroberts.com
tomb@cbcaccpacexperts.com
tomdearie@samc.ac.uk
tomsutton@armadarubber.com
tony@wilkensmfg.com
tonymarshall@greyrock.co.uk
tours@nummi.com
trade@wnq.com
trailers@wilkensmfg.com
trailex1@aol.com
training@enterasys.com
trendco@ixnetcom.com
trevorj@leonsmfg.com
tribeyre@ribeyre.ca
trichard@compxnet.com
triplec@thezone.net
triton@triton.cc.il.us
trobbins@mes-erp.com
troy@hunt-mfg.com
truly@truly.net
trulyeurope@t-online.de
tschilling1@qwest.net
tsg@alpern.com
tsienko@mmei.com
ttf@rc.net
tuckaway@perkinsmfg.com
turboteck@shaw.ca
tye@trinidad.net
tye@tstt.net.tt
tzbell@vpmep.org
unoadm@unomaha.edu
usa@truly.net
username@domain.com
vbaum@imep.org
vbsr@together.net
vcqual@aol.com
ve2lva@bikerider.com
vedic@ayuherbal.com
vfsn@vtfoodsafety.org
vgray@vpmep.org
viberg@workboot.com
vigna@comau.com
vimol@bhatarapro.com
vish@rice.edu
vmec@vmec.org
vmi@mfgsysgroup.com
vsokolas@mamtc-op.com
vtchambr@together.net
vuruzganb@mako.com.tr
vwells@bevillcntr.org
vwto@together.net
waltonmfg@aol.com
watersciences@cranfield.ac.uk
waycon@waycon.net
waynem@mainemep.org
wbakker@imep.org
wbirdie@aol.com
wcarnot@wcc.vccs.edu
wcchanj@wcc.vccs.edu
wcdavij@wcc.vccs.edu
wcdelpv@wcc.vccs.edu
wcflesm@wcc.vccs.edu
wcfrees@wc.cc.va.us
wcfrees@wcc.vccs.edu
wclenhg@wc.cc.va.us
wclenhg@wcc.vccs.edu
wcnewml@wcc.vccs.edu
wcteedn@vccs.edu
wcteedn@wcc.vccs.edu
wcthomk@wcc.vccs.edu
wcthompk@wcc.vccs.edu
wdc@nclnet.com
webhead@buildingonline.com
webmanager@mtserv.com
webmater@icmfg.com
webquery@tridentmfg.co.uk
websupport@watlow.com
webteam@bham.ac.uk
webtech@lindsaymfg.com
welding@cranfield.ac.uk
wellis@bevillcntr.org
wells@mamtc-wichita.com
wemrx@hotmail.com
wesleybcs@csi.com
west@usbattery.com
whitaker@best.com
wholesale@escomfg.com
wig@advmetservgrp.com
wilburg@mindspring.com
wilburg@summitdr.net
wilkens@ruraltel.net
willard@leonsmfg.com
william.lee@dataworld.com.hk
winstromco@aol.com
wkuhns@vmec.org
wnq@wnq.com
wnqzylz@public.fz.fj.cn
woody@imep.org
workshops@bevillcntr.org
wpd@webpagedesign.com
wprohn@dopkins.com
wrajala@yahoo.com
wstowers@esper.com
wtmltd@wf.quik.com
www.audit@mfgsysgroup.com
www.deskbook@deskbook.osd.mil
www.mrphelp@mfgsysgroup.com
www.training@mfgsysgroup.com
www@murata.co.jp
wyloghm@fiberpipe.net
yanli@hunt-mfg.com
yasutaka@mozart.inet.co.th
yingsa@imep.org
you@aol.com
yourname@oregonsearch.net
yournamehere@partnersite.com
yuswtmew@aol.com
zafih@rogers.com
zap@hammondmfg.com
zemlya@ru.ru
zephyr@zephyrtool.com
zephyr@zephyrtool.comt
zev@pcwarebus.com
ziv@esh.ca
zyworld@ms18.hinet.net
